{
  "version": 1,
  "author": "Anonymous maker",
  "editor": "wokwi",
  "parts": [
    { "type": "wokwi-arduino-uno", "id": "uno", "top": 116, "left": 108.67, "attrs": {} },
    {
      "type": "wokwi-max7219-matrix",
      "id": "matrix1",
      "top": -35.67,
      "left": -114.18,
      "attrs": { "chain": "4" }
    }
  ],
  "connections": [
    [ "matrix1:CLK", "uno:13", "green", [ "h0" ] ],
    [ "matrix1:CS", "uno:10", "green", [ "h0" ] ],
    [ "matrix1:DIN", "uno:11", "green", [ "h0" ] ],
    [ "matrix1:GND", "uno:GND.1", "black", [ "h0" ] ],
    [ "matrix1:V+", "uno:5V", "green", [ "h0" ] ]
  ]
}